,route_id,agency_id,route_short_name,route_long_name,route_type
0,10-100-e20-1,01,100,Skerries (War Memorial) -,3
1,10-101-e20-1,01,101,Busáras - Drogheda Bus Station,3
2,10-103-e20-1,01,103,Dublin (Beresford Place) - Tayto Park,3
3,10-104-e20-1,01,104,Bus Stop at Train Station - Hastings Green Roundabout,3
4,10-105-e20-1,01,105,Blanchardstown Hosp - Drogheda Bus Station,3
5,10-107-e20-1,01,107,Abbey Road - Kells,3
6,10-108-e20-1,01,108,Kells - Main Street,3
7,10-109-e20-1,01,109,Busáras - Cavan Institute,3
8,10-111-e20-1,01,111,Busáras - Delvin,3
9,10-115-e20-1,01,115,Dublin (Belfield) - Outside Train Station,3
10,10-120-1-e20-1,01,120-1,Texaco - Creggan Court Hotel,3
11,10-120-2-e20-1,01,120-2,Texaco - Creggan Court Hotel,3
12,10-132-e20-1,01,132,Outside Connolly Station - Rosslare Harbour,3
13,10-133-e20-1,01,133,Busáras - Main Street,3
14,10-134-e20-1,01,134,Doreys Forge (Shanks Mare Pub) - Navan (Shopping Centre),3
15,10-135-e20-1,01,135,Scurloughstown - Navan (Shopping Centre),3
16,10-136-e20-1,01,136,Ross Cross Meath - Navan (Shopping Centre),3
17,10-13-e20-1,01X,13,Limerick Bus Station - Tralee Bus Station,3
18,10-14-e20-1,01X,14,Limerick Bus Station - Killarney Bus Station,3
19,10-160-e20-1,01,160,- Newry Bus Station,3
20,10-161-e20-1,01,161,- Newry Bus Station,3
21,10-162-e20-1,01,162,- Monaghan Bus Station,3
22,10-163-e20-1,01,163,Drogheda Bus Station - Donore Village,3
23,10-166-e20-1,01,166,- Cavan Bus Station,3
24,10-167-e20-1,01,167,- Ardee (Lidl),3
25,10-168-e20-1,01,168,- Drogheda Bus Station,3
26,10-173-e20-1,01,173,West Street Drogheda - West Street Drogheda,3
27,10-174-e20-1,01,174,- Muirhevnamuir (Ashbrook),3
28,10-175-e20-1,01,175,Monaghan Bus Station - Farnham Street Bus Station,3
29,10-182-e20-1,01,182,Drogheda Bus Station - Monaghan Bus Station,3
30,10-187-e20-1,01,187,Kells - Ballyjamesduff (Percy French Hotel),3
31,10-190-e20-1,01,190,Drogheda Bus Station - Trim Castle St (Opp Trim Castle),3
32,10-201-e20-1,01,201,Boherboy Rd (Opp Scoil Mhuire Banrion) - CUH (Bishopstown Rd),3
33,10-202-e20-1,01,202,Mahon Point Omniplex - Hollyhill (Apple),3
34,10-203-e20-1,01,203,Manor Farm - Parklands Drive (Park View Green),3
35,10-205-e20-1,01,205,Outside Kent Station Cork - CIT Campus,3
36,10-206-e20-1,01,206,Grange (Frankfield Estate) - South Mall (Danske Bank),3
37,10-207-e20-1,01,207,Donnybrook (Scairt Cross Terminus) - Glenheights Park Terminus,3
38,10-208-e20-1,01,208,Ashmount (Turning Circle) - Curraheen Village,3
39,10-209-e20-1,01,209,Cork Merchants Quay - Lotamore Drive,3
40,10-212-e20-1,01,212,Outside Kent Station Cork - Mahon Point Omniplex,3
41,10-213-e20-1,01,213,St. Patrick Street (O2 Store) - Black Ash Park,3
42,10-214-e20-1,01,214,Glyntown Rd (Ardcarrig) - CUH A and E,3
43,10-215-e20-1,01,215,Mahon Point (Jacobs Island) - Patrick Street,3
44,10-216-e20-1,01,216,Monkstown (Opp Yacht Club) - CUH (Bishopstown Rd),3
45,10-219-e20-1,01,219,Ringmahon Road (Opp Garda Stn) - Cork Institute of Technology,3
46,10-220-e20-1,01,220,Grange Road Terminus - Fernlea Terminus,3
47,10-223-e20-1,01,223,South Mall (Opp Cork Passport Office) - Haulbowline (NMCI),3
48,10-225-e20-1,01,225,Outside Kent Station Cork - Haulbowline (NMCI),3
49,10-226-e20-1,01,226,Outside Kent Station Cork - Town Car Park,3
50,10-22-e20-1,01X,22,Busáras - Ballina Bus Station,3
51,10-233-e20-1,01,233,Cork Bus Station - Ballingeary,3
52,10-235-e20-1,01,235,Cork Bus Station - Rylane,3
53,10-236-e20-1,01,236,Cork Bus Station - Castletownbere,3
54,10-237-e20-1,01,237,Outside Kent Station Cork - Baltimore,3
55,10-239-e20-1,01,239,Cork Bus Station - Butlerstown,3
56,10-23-e20-1,01X,23,Busáras - ATU Sligo,3
57,10-240-e20-1,01,240,Cork Bus Station - Ballycotton,3
58,10-241-e20-1,01,241,Cork Bus Station - Trabolgan,3
59,10-243-e20-1,01,243,Cork Bus Station - Newmarket X,3
60,10-245-e20-1,01,245,Cork Bus Station - Outside Rail Station,3
61,10-248-e20-1,01,248,Cork Bus Station - Glenville,3
62,10-257-e20-1,01,257,Macroom Mills - Killarney Bus Station,3
63,10-258-e20-1,01,258,Macroom Mills - Rylane Lower,3
64,10-259-e20-1,01,259,Macroom Mills - Renanirree,3
65,10-260-e20-1,01,260,Cork Bus Station - Ardmore,3
66,10-261-e20-1,01,261,Cork Bus Station - Ballinacurra,3
67,10-270-e20-1,01,270,Killarney Bus Station - Sneem,3
68,10-271-e20-1,01,271,Tralee Bus Station - Killarney Bus Station,3
69,10-272-e20-1,01,272,Tralee Bus Station - Ballybunion,3
70,10-273-e20-1,01,273,Tralee Bus Station - Cloghane,3
71,10-274-e20-1,01,274,Tralee Bus Station - Ballyheigue,3
72,10-275-e20-1,01,275,Tralee Bus Station - Dingle,3
73,10-278-e20-1,01,278,Tralee Bus Station - Fenit,3
74,10-279-e20-1,01,279,Tralee Bus Station - Killorglin,3
75,10-282-e20-1,01,282,Kenmare - Ardgroom (Village Inn),3
76,10-284-e20-1,01,284,Tralee Bus Station - Killarney Bus Station,3
77,10-2-e20-1,01X,2,Dublin Airport - Wexford Station,3
78,10-301-e20-1,01,301,Fr Russell Rd (Op No 5 Rosebrook Est) - Westbury (St Nicholas Church),3
79,10-302-e20-1,01,302,Henry St (Stop B) - Sarsfield St (Stop B),3
80,10-303-e20-1,01,303,Kilmallock Rd (Rosmor) - Pineview (Delmege Gardens),3
81,10-304-e20-1,01,304,Stables University of Limerick - St. Nessan's Church,3
82,10-305-e20-1,01,305,William Street - Liddy St (Old Dunnes Stores),3
83,10-306-e20-1,01,306,Quins Cottage - Sarsfield St (Debenhams),3
84,10-30-e20-1,01X,30,Busáras - Donegal Abbey Hotel,3
85,10-313-e20-1,01,313,Arthurs Quay (Opp Shopping Centre) - Ardnacrusha,3
86,10-314-e20-1,01,314,Limerick Bus Station - Glin,3
87,10-320-e20-1,01,320,Limerick Bus Station - Croom,3
88,10-321-e20-1,01,321,Limerick Bus Station - Newcastle West,3
89,10-322-e20-1,01,322,Bus Station - Lorrha,3
90,10-323-e20-1,01,323,Limerick Bus Station - Bus Station,3
91,10-324-e20-1,01,324,Bus Station - Kilbarron (Village Grocer),3
92,10-328-e20-1,01,328,Limerick Bus Station - Galbally,3
93,10-329-e20-1,01,329,Sarsfield St (Debenhams) - Caherconlish,3
94,10-32-e20-1,01X,32,Busáras - Bus Station,3
95,10-332-e20-1,01,332,Limerick Bus Station - Rearcross (Church),3
96,10-333-e20-1,01,333,Ennis Bus Station - The Square,3
97,10-336-e20-1,01,336,Ennis Bus Station - Doonbeg (Church),3
98,10-341-e20-1,01,341,Shannon Ind Est (Opp Airport House) - Cappamore,3
99,10-343-e20-1,01,343,Limerick Bus Station - Ennis Bus Station,3
100,10-345-e20-1,01,345,Limerick Bus Station - Scariff (OMearas Pharmacy),3
101,10-346-e20-1,01,346,Limerick Bus Station - Whitegate (Clare) (Church),3
102,10-347-e20-1,01,347,Limerick Bus Station - Abbey Street,3
103,10-348-e20-1,01,348,Ennis Bus Station - Scariff,3
104,10-349-e20-1,01,349,Market Square Gort - Scariff,3
105,10-350-e20-1,01,350,Galway Bus Station - Ennis Bus Station,3
106,10-355-e20-1,01,355,WIT (Main Entrance) - Cahir Castle Street,3
107,10-360-e20-1,01,360,Waterford Bus Station - Tramore (Bus Terminus),3
108,10-362-e20-1,01,362,Waterford Bus Station - Dungarvan (Davitts Quay),3
109,10-365-e20-1,01,365,Waterford Bus Station - Thomastown,3
110,10-366-e20-1,01,366,Lismore (O'Dowd's) - Waterford Bus Station,3
111,10-370-e20-1,01,370,Outer Ring Rd (Dunmore Rd Roundabout) - Rosslare Harbour,3
112,10-371-e20-1,01,371,New Ross (Supervalu The Quay) - Wexford Station,3
113,10-372-e20-1,01,372,Waterford Bus Station - Wexford Station,3
114,10-373-e20-1,01,373,New Ross (Supervalu The Quay) - Wexford Station,3
115,10-374-e20-1,01,374,New Ross (Supervalu The Quay) - Kilkenny Station,3
116,10-375-e20-1,01,375,New Ross (Supervalu The Quay) - Enniscorthy,3
117,10-377-e20-1,01,377,Wexford Station - Enniscorthy,3
118,10-378-e20-1,01,378,Wexford Station - Churchtown (Wexford),3
119,10-379-e20-1,01,379,Rosslare Harbour - Ballycanew,3
120,10-380-e20-1,01,380,Wexford Station - Crossabeg,3
121,10-381-e20-1,01,381,Wexford Station - Blackhall,3
122,10-382-e20-1,01,382,Adamstown (Supermarket) - Adamstown (Supermarket),3
123,10-383-e20-1,01,383,Wexford Station - Kilmore Quay,3
124,10-385-e20-1,01,385,Wexford Station - Rosslare Harbour,3
125,10-401-e20-1,01,401,Parkmore Industrial Estate - Dr Mannix Rd (Rockbarton Rd),3
126,10-402-e20-1,01,402,Shangort Rd (Cotters Shop) - Merlin Park Terminus (Merlin Church),3
127,10-404-e20-1,01,404,Oranmore (Opp Oran Town Centre) - Westside (Shopping Centre),3
128,10-405-e20-1,01,405,Gort na Bro (B&Q Retail Park) - Ballybane Industrial Estate,3
129,10-407-e20-1,01,407,Eyre Square Galway - Bothair an Choiste (Opp Maigh Riocard),3
130,10-409-e20-1,01,409,Eyre Square Galway - Parkmore Industrial Estate,3
131,10-40-e20-1,01X,40,Tralee Bus Station - Rosslare Harbour,3
132,10-417-e20-1,01,417,Galway Bus Station - Ballinastack (Opp Gills Bar),3
133,10-419-e20-1,01,419,Galway Bus Station - Clifden (Market Street),3
134,10-420-e20-1,01,420,Ballina Bus Station - Stephen Garvey Way Castlebar,3
135,10-421-e20-1,01,421,Ballina Bus Station - Claremorris Dalton Street,3
136,10-422-e20-1,01,422,Stephen Garvey Way Castlebar - Headford,3
137,10-423-e20-1,01,423,Clifden (Market Street) - Westport Railway Station,3
138,10-424-e20-1,01,424,Galway Bus Station - Lettermullen,3
139,10-425-e20-1,01,425,Galway Bus Station - Outside Train Station,3
140,10-429-e20-1,01,429,Galway Bus Station - BMW Office,3
141,10-434-e20-1,01,434,Galway Bus Station - Market Square Gort,3
142,10-440-e20-1,01,440,Athlone Bus Station - Westport (Mill St Westbound Stop),3
143,10-442-e20-1,01,442,Charlestown Rooney's - Roundfort,3
144,10-443-e20-1,01,443,Ballina (Dunnes Stores) - Farragh Cross,3
145,10-444-e20-1,01,444,Ballina Bus Station - Dromore West,3
146,10-445-e20-1,01,445,Ballina Bus Station - Ballycastle,3
147,10-446-e20-1,01,446,Ballina Bus Station - Blacksod,3
148,10-447-e20-1,01,447,Finea Village (Bridge Southbound) - Mullingar Austin Friar Street,3
149,10-448-e20-1,01,448,Shandonagh - Mullingar Castle Street,3
150,10-450-e20-1,01,450,Dooagh (The Pub) - Louisburgh (Hudson's Pantry),3
151,10-451-e20-1,01,451,Ballina Bus Station - Outside Train Station,3
152,10-454-e20-1,01,454,Ballina Bus Station - Westport (Mill St Westbound Stop),3
153,10-455-e20-1,01,455,Moygownagh Chapel - Moygownagh Chapel,3
154,10-456-e20-1,01,456,Stephen Garvey Way Castlebar - Galway Bus Station,3
155,10-457-e20-1,01,457,Castlerea - Roscommon (Opp Hospital Keenans Shop),3
156,10-458-e20-1,01,458,Ulsterbus Depot Enniskillen - Ballina Bus Station,3
157,10-460-e20-1,01,460,Sligo Bus Station - Castlerea Depot Railway Station,3
158,10-461-e20-1,01,461,Athlone Bus Station - Roscommon Mart Road,3
159,10-462-e20-1,01,462,Carrigallen - Sligo Bus Station,3
160,10-463-e20-1,01,463,Carrigallen - Outside Train Station,3
161,10-464-e20-1,01,464,Carrigallen - Ulsterbus Depot Enniskillen,3
162,10-465-e20-1,01,465,Carrigallen - Cavan Bus Station,3
163,10-466-e20-1,01,466,Athlone Bus Station - Outside Train Station,3
164,10-467-e20-1,01,467,Outside Train Station - Lanesborough (OBriens Pharmacy),3
165,10-468-e20-1,01,468,Strokestown Hanly's - Carrick On Shannon Coffee Shop,3
166,10-469-e20-1,01,469,Sligo Bus Station - Outside Train Station,3
167,10-470-e20-1,01,470,Dromahair - Sligo Bus Station,3
168,10-471-e20-1,01,471,Sligo Bus Station - Ballymote,3
169,10-472-e20-1,01,472,Strandhill - Rosses Point (R.C. Church),3
170,10-474-e20-1,01,474,Sligo Bus Station - Maugherow,3
171,10-475-e20-1,01,475,ATU Sligo - Ballymote,3
172,10-476-e20-1,01,476,Tubbercurry May Queen - Ballymote (Doddys),3
173,10-478-e20-1,01,478,Cartron - Cairns Road Sligo,3
174,10-479-e20-1,01,479,Aclare (Gallaghers High Road) - Sligo Bus Station,3
175,10-480-e20-1,01,480,Sligo Bus Station - Foyle Street Bus Station Derry,3
176,10-483-e20-1,01,483,Sligo Bus Station - Bus Station Ballyshannon,3
177,10-487-e20-1,01,487,Canal Street - Bus Station,3
178,10-489-e20-1,01,489,Bus Station - Canal Street,3
179,10-490-e20-1,01,490,Donegal Abbey Hotel - Glencolumbcille (School),3
180,10-491-e20-1,01,491,Bus Station - Ballybofey (McElhineys),3
181,10-492-e20-1,01,492,Donegal Abbey Hotel - Dungloe (Opp Sweeneys Hotel),3
182,10-494-e20-1,01,494,Canal Street - Ballybofey (McElhineys),3
183,10-495-e20-1,01,495,Ballyshannon (Bus Station) - Manorhamilton (New Line),3
184,10-4-e20-1,01X,4,Dublin Airport - Waterford Bus Station,3
185,10-51-e20-1,01X,51,Cork Bus Station - Galway Bus Station,3
186,10-52-e20-1,01X,52,Ballina Bus Station - Galway Bus Station,3
187,10-55-e20-1,01X,55,Limerick Bus Station - Waterford Bus Station,3
188,10-601-wbe-1,01,601,The Clock Tower - Meaghers Quay via WIT,3
189,10-602-wbe-1,01,602,The Clock Tower - Meaghers Quay via St Johns Park,3
190,10-603-wbe-1,01,603,The Clock Tower - Meaghers Quay via WIT,3
191,10-604-wbe-1,01,604,Peter Street - Brownes Road,3
192,10-605-wbe-1,01,605,Waterford Hospital - Oakwood,3
193,10-64-e20-1,01X,64,Derry (Magee Campus Strand Road) - Galway Bus Station,3
194,10-65-e20-1,01,65,Galway Bus Station - Monaghan Bus Station,3
195,10-700-e20-1,01X,700,Wilton Terrace -,3
196,10-704-e20-1,01,704,Busáras - Abbey Road,3
197,10-708-e20-1,01,708,The Harbour - Longwood (Spar),3
198,10-70-e20-1,01,70,Galway Bus Station -,3
199,10-712-e20-1,01,712,- Fatima,3
200,10-713-e20-1,01,713,- Bay Estate Dundalk,3
201,10-714-e20-1,01,714,Farnham Street Bus Station - Monaghan Bus Station,3
202,10-715-e20-1,01,715,Drogheda Bus Station - Ardee By Pass,3
203,10-716-e20-1,01,716,Commons Road - Metges Road,3
204,10-717-e20-1,01,717,Commons Road - Aisling Place,3
205,10-718-e20-1,01,718,Colpe Road - Ballymakenny College,3
206,10-719-e20-1,01,719,Colpe Road - Termonabbey (Aston Village),3
207,10-720-e20-1,01,720,St. Patrick Street (O2 Store) - Lwr Connolly Rd (Opp Connolly Green),3
208,10-721-e20-1,01,721,Mahon Point (Jacobs Island) - South Mall (V.H.I. House),3
209,10-722-2-e20-1,01,722-2,Raheen (Opposite Raheen Church) - Stables University of Limerick,3
210,10-722-e20-1,01,722,Wicklow Gaol - Busáras,3
211,10-723-e20-1,01,723,Raheen (Opposite Raheen Church) - Limerick Bus Station,3
212,10-724-e20-1,01,724,Cork Merchants Quay - Glenthorn,3
213,10-727-e20-1,01,727,Drogheda Bus Station - Bus Stop at Train Station,3
214,10-728-e20-1,01,728,Drogheda Bus Station - Bus Stop at Train Station,3
215,10-729-e20-1,01,729,Town Car Park - Cork Institute of Technology,3
216,10-72-e20-1,01,72,Limerick Bus Station - Athlone Bus Station,3
217,10-730-e20-1,01,730,Limerick Bus Station - Birr Square,3
218,10-73-e20-1,01,73,Waterford Bus Station - Outside Train Station,3
219,10-740-0-e20-1,01,740-0,Wilton Terrace - Abbey Road,3
220,10-741-e20-1,01,741,Liddy St (Old Dunnes Stores) - William Street,3
221,10-742-e20-1,01,742,Mahon Point Omniplex - Hollyhill (Apple),3
222,10-745-e20-1,01X,745,Dublin Airport - Wexford Station,3
223,10-746-e20-1,01X,746,New Ross (The Quay) - Dublin Airport,3
224,10-747-e20-1,01,747,Primary Care Centre - Haulbowline (NMCI),3
225,10-750-e20-1,01,750,Galway Bus Station - Mountbellew (Mulrooneys Pharmacy),3
226,10-752-e20-1,01,752,Waterford Bus Station - Tramore (Bus Terminus),3
227,10-756-e20-1,01,756,Killarney Bus Station - Waterville,3
228,10-757-e20-1,01,757,Dublin (Belfield) - Duleek,3
229,10-758-e20-1,01,758,Dublin (Belfield) - Fairyhouse Cross (Southbound),3
230,10-760-e20-1,01,760,Ovens (EMC Terminus) - Crosshaven (Village Ctr Northbound),3
231,10-761-e20-1,01,761,Limerick Bus Station - Ennis Bus Station,3
232,10-763-e20-1,01,763,Wilton Terrace - Termonabbey (Aston Village),3
233,10-767-e20-1,01,767,Busáras - Knightsbrook Hotel,3
234,10-768-e20-1,01,768,Busáras - Cork Bus Station,3
235,10-769-e20-1,01,769,Busáras - Cavan Bus Station,3
236,10-770-e20-1,01,770,Cavan Bus Station - Athboy (Opp Darnley Lodge),3
237,10-771-e20-1,01,771,Wilton Terrace - Clonmellon,3
238,10-772-e20-1,01X,772,Busáras - Donegal Abbey Hotel,3
239,10-774-e20-1,01,774,South Mall (Opp Cork Passport Office) - Haulbowline (NMCI),3
240,10-794-e20-1,01,794,Castle Street - Wicklow Gaol,3
241,10-795-e20-1,01,795,Wicklow Gaol - Arklow (Opp Lidl),3
242,17-120-1-cm2-1,03C,120-1,Edenderry Shopping Centre - University College Dublin,3
243,17-120-2-cm2-1,03C,120-2,Dublin - Newbridge,3
244,17-120-3-cm2-1,03C,120-3,Edenderry - Tullamore,3
245,17-120-4-cm2-1,03C,120-4,Edenderry - Tullamore,3
246,17-120-5-cm2-1,03C,120-5,Edenderry - Dublin,3
247,17-120-6-cm2-1,03C,120-6,Dublin - Newbridge,3
248,17-120-9-cm2-1,03C,120-9,Dublin - Edenderry,3
249,17-120-cm2-1,03C,120,Dublin - Edenderry,3
250,17-125-cm2-1,03C,125,University College Dublin - Newbridge,3
251,17-126-1-cm2-1,03C,126-1,Dublin - Rathangan,3
252,17-126-2-cm2-1,03C,126-2,Kildare - Dublin,3
253,17-126-4-cm2-1,03C,126-4,Dublin - Newbridge,3
254,17-126-5-cm2-1,03C,126-5,Kildare - Dublin,3
255,17-126-6-cm2-1,03C,126-6,Dublin - Newbridge,3
256,17-126-7-cm2-1,03C,126-7,Kildare - University College Dublin,3
257,17-126-8-cm2-1,03C,126-8,Dublin - Newbridge,3
258,17-126-9-cm2-1,03C,126-9,Dublin - Rathangan,3
259,17-126-cm2-1,03C,126,Dublin - Rathangan,3
260,17-130-1-cm2-1,03C,130-1,Athy - Dublin,3
261,17-130-cm2-1,03C,130,Dublin - Athy,3
262,2-102-6-ga2-1,03,102-6,Sutton - Swords,3
263,2-102-7-ga2-1,03,102-7,Clarehall - Sutton,3
264,2-102-8-ga2-1,03,102-8,River Valley - Portmarnock,3
265,2-102-9-ga2-1,03,102-9,Swords - Sutton,3
266,2-102-ga2-1,03,102,Dublin Airport - Sutton Station,3
267,2-104-ga2-1,03,104,Clontarf - DCU,3
268,2-111-ga2-1,03,111,Bride's Glen - Dalkey,3
269,2-114-ga2-1,03,114,Rockview - Blackrock Station,3
270,2-161-ga2-1,03,161,Rockbrook - Dundrum,3
271,2-174-ga2-1,03,174,Rialto - Blackrock,3
272,2-175-ga2-1,03,175,UCD - Citywest,3
273,2-17-ga2-1,03,17,Rialto - Blackrock,3
274,2-184-ga2-1,03,184,Newtownmountkennedy - Bray Station,3
275,2-185-9-ga2-1,03,185-9,Enniskerry - Ballywaltrim,3
276,2-185-ga2-1,03,185,Enniskerry -Bray Station,3
277,2-18-ga2-1,03,18,Palmerstown- Sandymount,3
278,2-197-y11-3,03,197,197,3
279,2-220-1-ga2-1,03,220-1,DCU - Lady's Well Road,3
280,2-220-9-ga2-1,03,220-9,Collins Avenue - Finglas,3
281,2-220-ga2-1,03,220,DCU - Lady's Well Road,3
282,2-236-1-ga2-1,03,236-1,Blanchardstown Shopping Centre - Damastown IBM,3
283,2-236-9-ga2-1,03,236-9,Blanchardstown - Tyrellstown,3
284,2-236-ga2-1,03,236,Blanchardstown Shopping Centre - Damastown IBM,3
285,2-238-ga2-1,03,238,Tyrellstown - Blanchardstown,3
286,2-270-9-ga2-1,03,270-9,Castaheany Estate - Castleknock Community College,3
287,2-270-ga2-1,03,270,Dunboyne - Blanchardstown Shopping Centre,3
288,2-331-ga2-1,03,331,Dublin Airport - Balbriggan,3
289,2-332-ga2-1,03,332,Swords - Portrane,3
290,2-339-ga2-1,03,339,Donabate National School - Turvey Drive,3
291,2-451-ga2-1,03,451,Kilmacanogue - Dún Laoghaire,3
292,2-452-ga2-1,03,452,Kilmacanogue - Dún Laoghaire,3
293,2-536-ga2-1,03,536,Finglas Village - Naomh Barróg GAA,3
294,2-59-ga2-1,03,59,Dún Laoghiaire - Killiney Hill,3
295,2-631-ga2-1,03,631,Kilternan - Dún Laoghaire,3
296,2-63-ga2-1,03,63,Kilternan - Dún Laoghaire,3
297,2-751-ga2-1,03,751,The Square Tallaght - Dún Laoghaire,3
298,2-75-ga2-1,03,75,The Square Tallaght  - Dún Laoghaire,3
299,2-761-ga2-1,03,761,Tallaght - Chapelizod,3
300,2-76-ga2-1,03,76,Tallaght  - Chapelizod,3
301,2-951-ga2-1,03,951,Liffey Valley SC - Adamstown Station,3
302,2-952-ga2-1,03,952,Blanchardstown SC - Adamstown Station,3
303,60-116-b12-1,978,116,Sussex Road - Church of Our Lady of Good Council,3
304,60-116-d12-1,978,116,Sussex Road - Church of Our Lady of Good Council,3
305,60-118-b12-1,978,118,Enniskerry Road (Ballycorus Rd) - Eden Quay,3
306,60-118-d12-1,978,118,Enniskerry Road (Ballycorus Rd) - Eden Quay,3
307,60-11-b12-1,978,11,Saint Pappin's Road - Blackthorn Drive (Blackthorn Road),3
308,60-11-d12-1,978,11,Saint Pappin's Road - Blackthorn Drive (Blackthorn Road),3
309,60-120-b12-1,978,120,Merrion Road RDS - River Road,3
310,60-120-d12-1,978,120,Merrion Road RDS - River Road,3
311,60-122-b12-1,978,122,Ashington Park - Errigal Rd,3
312,60-122-d12-1,978,122,Ashington Park - Errigal Rd,3
313,60-123-b12-1,978,123,Kilnamanagh Road - Griffith Avenue (Malahide Road),3
314,60-123-d12-1,978,123,Kilnamanagh Road - Griffith Avenue (Malahide Road),3
315,60-130-b12-1,978,130,Talbot Street - Clontarf Castle,3
316,60-130-d12-1,978,130,Talbot Street - Clontarf Castle,3
317,60-13-b12-1,978,13,Harristown Bus Depot - Business Park Bus Terminus,3
318,60-13-d12-1,978,13,Harristown Bus Depot - Business Park Bus Terminus,3
319,60-140-b12-1,978,140,Saint Margaret's Road - Upper Rathmines Road,3
320,60-140-d12-1,978,140,Saint Margaret's Road - Upper Rathmines Road,3
321,60-142-b12-1,978,142,Wendell Avenue - University College of Dublin UCD,3
322,60-142-d12-1,978,142,Wendell Avenue - University College of Dublin UCD,3
323,60-145-b12-1,978,145,Outside Heuston Train Station - Kilmacanogue,3
324,60-145-d12-1,978,145,Outside Heuston Train Station - Kilmacanogue,3
325,60-14-b12-1,978,14,Maryfield Drive - Outside Luas Station,3
326,60-14-d12-1,978,14,Maryfield Drive - Outside Luas Station,3
327,60-150-b12-1,978,150,Hawkin's Street - Orwell Road,3
328,60-150-d12-1,978,150,Hawkin's Street - Orwell Road,3
329,60-151-b12-1,978,151,Bargy Road - Foxborough Estate,3
330,60-151-d12-1,978,151,Bargy Road - Foxborough Estate,3
331,60-155-b12-1,978,155,St.Margaret's Road - Outside Train Station,3
332,60-155-d12-1,978,155,St.Margaret's Road - Outside Train Station,3
333,60-15A-b12-1,978,15A,Merrion Square South - Limekiln Avenue,3
334,60-15A-d12-1,978,15A,Merrion Square South - Limekiln Avenue,3
335,60-15-b12-1,978,15,Main Street - Ballycullen Road (Hunter's Avenue),3
336,60-15B-b12-1,978,15B,Merrion Square South - Dalriada Estate,3
337,60-15B-d12-1,978,15B,Merrion Square South - Dalriada Estate,3
338,60-15-d12-1,978,15,Main Street - Ballycullen Road (Hunter's Avenue),3
339,60-15D-b12-1,978,15D,Merrion Square South - Church of Our Lady of Good Council,3
340,60-15D-d12-1,978,15D,Merrion Square South - Church of Our Lady of Good Council,3
341,60-16-b12-1,978,16,Dublin Airport - Kingston Estate,3
342,60-16-d12-1,978,16,Dublin Airport - Kingston Estate,3
343,60-16D-b12-1,978,16D,Dublin Airport - Kingston Estate,3
344,60-16D-d12-1,978,16D,Dublin Airport - Kingston Estate,3
345,60-1-b12-1,978,1,Shanard Road (Shanard Avenue) - Shaw Street,3
346,60-1-d12-1,978,1,Shanard Road (Shanard Avenue) - Shaw Street,3
347,60-26-b12-1,978,26,Merrion Square South - Liffey Valley SC,3
348,60-26-d12-1,978,26,Merrion Square South - Liffey Valley SC,3
349,60-27A-b12-1,978,27A,Liberty Hall - Blunden Drive,3
350,60-27A-d12-1,978,27A,Liberty Hall - Blunden Drive,3
351,60-27-b12-1,978,27,Templeview Avenue - Fortunestown Road,3
352,60-27B-b12-1,978,27B,Liberty Hall - Harristown Bus Garage,3
353,60-27B-d12-1,978,27B,Liberty Hall - Harristown Bus Garage,3
354,60-27-d12-1,978,27,Templeview Avenue - Fortunestown Road,3
355,60-27X-b12-1,978,27X,University College Dublin - Clare Hall Estate (Templeview Avenue),3
356,60-27X-d12-1,978,27X,University College Dublin - Clare Hall Estate (Templeview Avenue),3
357,60-32X-b12-1,978,32X,Swords Road (Lawson Spinney) - University College Dublin,3
358,60-32X-d12-1,978,32X,Swords Road (Lawson Spinney) - University College Dublin,3
359,60-33-b12-1,978,33,Irish Life Mall - Church,3
360,60-33-d12-1,978,33,Irish Life Mall - Church,3
361,60-33D-b12-1,978,33D,Custom House Quay - Smarts Lane,3
362,60-33D-d12-1,978,33D,Custom House Quay - Smarts Lane,3
363,60-33E-b12-1,978,33E,Irish Life Mall - Northcliffe Heights,3
364,60-33E-d12-1,978,33E,Irish Life Mall - Northcliffe Heights,3
365,60-33X-b12-1,978,33X,Custom House Quay - Church,3
366,60-33X-d12-1,978,33X,Custom House Quay - Church,3
367,60-37-b12-1,978,37,Wilton Terrace - Shopping Centre,3
368,60-37-d12-1,978,37,Wilton Terrace - Shopping Centre,3
369,60-38A-b12-1,978,38A,Burlington Road (Mespil Road) - Damastown Drive,3
370,60-38A-d12-1,978,38A,Burlington Road (Mespil Road) - Damastown Drive,3
371,60-38-b12-1,978,38,Burlington Road (Mespil Road) - Damastown Drive,3
372,60-38B-b12-1,978,38B,Burlington Road (Mespil Road) - Damastown Drive,3
373,60-38B-d12-1,978,38B,Burlington Road (Mespil Road) - Damastown Drive,3
374,60-38-d12-1,978,38,Burlington Road (Mespil Road) - Damastown Drive,3
375,60-38D-b12-1,978,38D,Burlington Road (Mespil Road) - Damastown Drive,3
376,60-38D-d12-1,978,38D,Burlington Road (Mespil Road) - Damastown Drive,3
377,60-39A-b12-1,978,39A,University College Dublin - Ongar Road (Hansfield Road),3
378,60-39A-d12-1,978,39A,University College Dublin - Ongar Road (Hansfield Road),3
379,60-39-b12-1,978,39,Burlington Road (Mespil Road) - Ongar Road (Hansfield Road),3
380,60-39-d12-1,978,39,Burlington Road (Mespil Road) - Ongar Road (Hansfield Road),3
381,60-39X-b12-1,978,39X,Burlington Road (Mespil Road) - Ongar Road (Hansfield Road),3
382,60-39X-d12-1,978,39X,Burlington Road (Mespil Road) - Ongar Road (Hansfield Road),3
383,60-40-b12-1,978,40,Charlestown Shopping Centre - Liffey Valley SC,3
384,60-40B-b12-1,978,40B,The Gate Hotel - River Meade Avenue,3
385,60-40B-d12-1,978,40B,The Gate Hotel - River Meade Avenue,3
386,60-40-d12-1,978,40,Charlestown Shopping Centre - Liffey Valley SC,3
387,60-40D-b12-1,978,40D,The Gate Hotel - The Oaks,3
388,60-40D-d12-1,978,40D,The Gate Hotel - The Oaks,3
389,60-40E-b12-1,978,40E,Broombridge Luas - Carlton Hotel,3
390,60-40E-d12-1,978,40E,Broombridge Luas - Carlton Hotel,3
391,60-41-b12-1,978,41,Marlborough Street - Abbeyvale Estate,3
392,60-41B-b12-1,978,41B,Marlborough Street - Cemetery,3
393,60-41B-d12-1,978,41B,Marlborough Street - Cemetery,3
394,60-41C-b12-1,978,41C,Marlborough Street - Abbeyvale Estate,3
395,60-41C-d12-1,978,41C,Marlborough Street - Abbeyvale Estate,3
396,60-41-d12-1,978,41,Marlborough Street - Abbeyvale Estate,3
397,60-41D-b12-1,978,41D,Marlborough Street - Swords Business Park,3
398,60-41D-d12-1,978,41D,Marlborough Street - Swords Business Park,3
399,60-41X-b12-1,978,41X,University College Dublin - Knocksedan,3
400,60-41X-d12-1,978,41X,University College Dublin - Knocksedan,3
401,60-42-b12-1,978,42,Talbot Street (opp Bank of Ireland) - Coast Road,3
402,60-42-d12-1,978,42,Talbot Street (opp Bank of Ireland) - Coast Road,3
403,60-43-b12-1,978,43,Talbot Street (opp Bank of Ireland) - Swords Business Park,3
404,60-43-d12-1,978,43,Talbot Street (opp Bank of Ireland) - Swords Business Park,3
405,60-44-b12-1,978,44,The Helix - Enniskerry Village,3
406,60-44B-b12-1,978,44B,Outside Luas Station - Hill View,3
407,60-44B-d12-1,978,44B,Outside Luas Station - Hill View,3
408,60-44-d12-1,978,44,The Helix - Enniskerry Village,3
409,60-46A-b12-1,978,46A,Phoenix Park Gate - University College Dublin,3
410,60-46A-d12-1,978,46A,Phoenix Park Gate - University College Dublin,3
411,60-46E-b12-1,978,46E,Outside Train Station - Mountjoy Square,3
412,60-46E-d12-1,978,46E,Outside Train Station - Mountjoy Square,3
413,60-47-b12-1,978,47,Poolbeg Street - Castlethorn Estate,3
414,60-47-d12-1,978,47,Poolbeg Street - Castlethorn Estate,3
415,60-49-b12-1,978,49,"Trinity College - Tallaght, The Square Shopping Centre",3
416,60-49-d12-1,978,49,"Trinity College - Tallaght, The Square Shopping Centre",3
417,60-4-b12-1,978,4,Harristown Bus Garage - Monkstown Avenue (Richmond Grove),3
418,60-4-d12-1,978,4,Harristown Bus Garage - Monkstown Avenue (Richmond Grove),3
419,60-51D-b12-1,978,51D,Aston Quay - Woodford Hill,3
420,60-51D-d12-1,978,51D,Aston Quay - Woodford Hill,3
421,60-52-b12-1,978,52,Ringsend Road - Intel Campus 1,3
422,60-52-d12-1,978,52,Ringsend Road - Intel Campus 1,3
423,60-53-b12-1,978,53,Talbot Street (opp Bank of Ireland) - Irish Ferries Terminal,3
424,60-53-d12-1,978,53,Talbot Street (opp Bank of Ireland) - Irish Ferries Terminal,3
425,60-54A-b12-1,978,54A,Trinity College - Kiltipper Way,3
426,60-54A-d12-1,978,54A,Trinity College - Kiltipper Way,3
427,60-56A-b12-1,978,56A,Ringsend Road - Tallaght Luas,3
428,60-56A-d12-1,978,56A,Ringsend Road - The Square Shopping Centre,3
429,60-61-b12-1,978,61,Eden Quay - Edmondstown Road (Rockbrook Park School),3
430,60-61-d12-1,978,61,Eden Quay - Edmondstown Road (Rockbrook Park School),3
431,60-65-b12-1,978,65,Poolbeg Street - Valleymount Road,3
432,60-65B-b12-1,978,65B,Poolbeg Street - Bianconi Avenue,3
433,60-65B-d12-1,978,65B,Poolbeg Street - Bianconi Avenue,3
434,60-65-d12-1,978,65,Poolbeg Street - Valleymount Road,3
435,60-68A-b12-1,978,68A,Hawkin's Street - Bulfin Road,3
436,60-68A-d12-1,978,68A,Hawkin's Street - Bulfin Road,3
437,60-68-b12-1,978,68,Hawkin's Street - Greenoge,3
438,60-68-d12-1,978,68,Hawkin's Street - Greenoge,3
439,60-69-b12-1,978,69,Hawkin's Street - Community School,3
440,60-69-d12-1,978,69,Hawkin's Street - Community School,3
441,60-69X-b12-1,978,69X,Hawkin's Street - Community School,3
442,60-69X-d12-1,978,69X,Hawkin's Street - Community School,3
443,60-6-b12-1,978,6,National Lottery Head Quarters - Outside Train Station,3
444,60-6-d12-1,978,6,National Lottery Head Quarters - Outside Train Station,3
445,60-70-b12-1,978,70,Burlington Road (Mespil Road) - Dunboyne Village,3
446,60-70-d12-1,978,70,Burlington Road (Mespil Road) - Dunboyne Village,3
447,60-77A-b12-1,978,77A,Ringsend Road - Bianconi Avenue,3
448,60-77A-d12-1,978,77A,Ringsend Road - Bianconi Avenue,3
449,60-77X-b12-1,978,77X,Bianconi Avenue - University College Dublin,3
450,60-77X-d12-1,978,77X,Bianconi Avenue - University College Dublin,3
451,60-79A-b12-1,978,79A,Aston Quay - Park West Hotel,3
452,60-79A-d12-1,978,79A,Aston Quay - Park West Hotel,3
453,60-79-b12-1,978,79,Aston Quay - Spiddal Park,3
454,60-79-d12-1,978,79,Aston Quay - Spiddal Park,3
455,60-7A-b12-1,978,7A,Mountjoy Square Park - Loughlinstown Wood Estate,3
456,60-7A-d12-1,978,7A,Mountjoy Square Park - Loughlinstown Wood Estate,3
457,60-7-b12-1,978,7,Mountjoy Square Park - Bride's Glen Bus Stop,3
458,60-7B-b12-1,978,7B,Mountjoy Square - Beechfield Manor,3
459,60-7B-d12-1,978,7B,Mountjoy Square - Beechfield Manor,3
460,60-7-d12-1,978,7,Mountjoy Square Park - Bride's Glen Bus Stop,3
461,60-7D-b12-1,978,7D,Mountjoy Square - Castle Street,3
462,60-7D-d12-1,978,7D,Mountjoy Square - Castle Street,3
463,60-83A-b12-1,978,83A,Harristown Bus Garage - Stannaway Court,3
464,60-83A-d12-1,978,83A,Harristown Bus Garage - Stannaway Court,3
465,60-83-b12-1,978,83,Harristown Bus Garage - Stannaway Court,3
466,60-83-d12-1,978,83,Harristown Bus Garage - Stannaway Court,3
467,60-84A-b12-1,978,84A,Temple Road - Outside Train Station,3
468,60-84A-d12-1,978,84A,Temple Road - Outside Train Station,3
469,60-84-b12-1,978,84,Temple Road - Newcastle Road (Sea Road),3
470,60-84-d12-1,978,84,Temple Road - Newcastle Road (Sea Road),3
471,60-84X-b12-1,978,84X,Trinity College - Newcastle Road (Sea Road),3
472,60-84X-d12-1,978,84X,Trinity College - Newcastle Road (Sea Road),3
473,60-9-b12-1,978,9,Charlestown Shopping Centre - Greenhills College,3
474,60-9-d12-1,978,9,Charlestown Shopping Centre - Greenhills College,3
475,60-C1-b12-1,978,C1,Saint John's Church - Outside Train Station,3
476,60-C1-d12-1,978,C1,Saint John's Church - Outside Train Station,3
477,60-C2-b12-1,978,C2,Saint John's Church - Outside Train Station,3
478,60-C2-d12-1,978,C2,Saint John's Church - Outside Train Station,3
479,60-C3-b12-1,978,C3,Ringsend Road - Hayfield,3
480,60-C3-d12-1,978,C3,Ringsend Road - Hayfield,3
481,60-C4-b12-1,978,C4,Ringsend Road - Straffan Road,3
482,60-C4-d12-1,978,C4,Ringsend Road - Straffan Road,3
483,60-C5-b12-1,978,C5,Ringsend Road - Hayfield,3
484,60-C5-d12-1,978,C5,Ringsend Road - Hayfield,3
485,60-C6-b12-1,978,C6,Ringsend Road - Straffan Road,3
486,60-C6-d12-1,978,C6,Ringsend Road - Straffan Road,3
487,60-H1-b12-1,978,H1,National Lottery Head Quarters - Old Race Course,3
488,60-H1-d12-1,978,H1,National Lottery Head Quarters - Old Race Course,3
489,60-H2-b12-1,978,H2,National Lottery Head Quarters - Malahide Garda Station,3
490,60-H2-d12-1,978,H2,National Lottery Head Quarters - Malahide Garda Station,3
491,60-H3-b12-1,978,H3,National Lottery Head Quarters - Howth Summit,3
492,60-H3-d12-1,978,H3,National Lottery Head Quarters - Howth Summit,3
493,60-L53-b12-1,978,L53,Outside Train Station - Liffey Valley SC,3
494,60-L53-d12-1,978,L53,Outside Train Station - Liffey Valley SC,3
495,60-L54-b12-1,978,L54,Red Cow Luas - River Forest,3
496,60-L54-d12-1,978,L54,Red Cow Luas - River Forest,3
497,60-L58-b12-1,978,L58,River Forest - Hazelhatch Station,3
498,60-L58-d12-1,978,L58,River Forest - Hazelhatch Station,3
499,60-L59-b12-1,978,L59,River Forest - Hazelhatch Station,3
500,60-L59-d12-1,978,L59,River Forest - Hazelhatch Station,3
501,60-N4-b12-1,978,N4,Point Village - Shopping Centre,3
502,60-N4-d12-1,978,N4,Point Village - Shopping Centre,3
503,60-P29-b12-1,978,P29,Ringsend Road - Outside Train Station,3
504,60-P29-d12-1,978,P29,Ringsend Road - Outside Train Station,3
505,60-X25-b12-1,978,X25,University College Dublin - Kingsbury Estate,3
506,60-X25-d12-1,978,X25,University College Dublin - Kingsbury Estate,3
507,60-X26-b12-1,978,X26,Straffan Road (Kingsbury Estate) - Lower Leeson Street,3
508,60-X26-d12-1,978,X26,Straffan Road (Kingsbury Estate) - Lower Leeson Street,3
509,60-X27-b12-1,978,X27,University College Dublin - Salesian College,3
510,60-X27-d12-1,978,X27,University College Dublin - Salesian College,3
511,60-X28-b12-1,978,X28,University College Dublin - Salesian College,3
512,60-X28-d12-1,978,X28,University College Dublin - Salesian College,3
513,60-X30-b12-1,978,X30,University College Dublin - The Paddocks Drive,3
514,60-X30-d12-1,978,X30,University College Dublin - The Paddocks Drive,3
515,60-X31-b12-1,978,X31,Earlsfort Terrace - River Forest,3
516,60-X31-d12-1,978,X31,Earlsfort Terrace - River Forest,3
517,60-X32-b12-1,978,X32,Earlsfort Terrace - Hewlett Packard,3
518,60-X32-d12-1,978,X32,Earlsfort Terrace - Hewlett Packard,3
